realSum,room_type,person_capacity,host_is_superhost,cleanliness_rating,guest_satisfaction_overall,dist
185.79975694119844,Private room,2,TRUE,10,98,3.582210844251585
194.9144619986912,Private room,5,FALSE,9,86,3.5254103004986552
176.21763111152657,Private room,2,FALSE,9,91,3.801712817590346
207.7685332336169,Private room,3,TRUE,10,97,0.9824081724298934
150.74319902776477,Private room,2,FALSE,10,99,8.869697201153345
139.29139010937644,Private room,2,FALSE,8,87,3.544664561505696
417.4067495559502,Entire home/apt,6,TRUE,10,97,3.838823653766812
135.55202393194352,Private room,2,TRUE,10,96,3.7314525410538897
260.8207908759465,Private room,2,TRUE,10,100,9.113951206307854
191.17509582125828,Entire home/apt,3,TRUE,10,98,13.62054945396812
235.58006917827427,Entire home/apt,2,TRUE,10,94,2.576319513314146
95.12012713845004,Private room,2,FALSE,9,90,3.5562896704421676
229.73730952603532,Private room,3,FALSE,10,98,9.974867072500617
208.7033747779751,Entire home/apt,2,FALSE,10,100,5.787913939105444
266.66355052818545,Entire home/apt,6,FALSE,8,87,1.1977659341124332
375.5725904459194,Entire home/apt,2,FALSE,10,100,6.998010723417212
285.36038141535005,Entire home/apt,5,FALSE,8,88,1.1880879467190442
577.4983640272973,Entire home/apt,3,FALSE,10,80,10.609089228646676
148.4060951668692,Shared room,6,FALSE,9,92,0.9327523073436862
127.60587080489856,Private room,2,TRUE,10,98,2.485257836157315
237.68346265308028,Private room,2,TRUE,10,99,4.028535232538124
116.15406188651022,Private room,3,FALSE,10,90,3.4317474648340216
95.12012713845004,Private room,2,FALSE,9,90,3.5142041180152255
113.58324763952508,Private room,4,FALSE,10,88,3.544443752849544
146.30270169206318,Private room,2,FALSE,9,91,4.362696099001016
179.72328690286994,Private room,2,TRUE,9,97,2.3107941438712323
153.08030288866036,Private room,4,FALSE,9,87,3.093521354414269
113.58324763952508,Private room,5,FALSE,10,89,3.6132871806269464
115.92035150042068,Private room,2,TRUE,10,98,9.090689165660976
295.6436384032906,Entire home/apt,6,FALSE,9,89,3.0935411495971534
160.0916144713471,Private room,2,FALSE,9,95,1.826981009246497
141.62849397027202,Private room,2,TRUE,10,99,3.984079942867289
202.86061512573616,Entire home/apt,3,FALSE,8,80,5.445712900855551
202.86061512573616,Entire home/apt,3,FALSE,10,95,5.445690468894387
185.5660465551089,Private room,2,FALSE,10,93,4.179491753270921
92.78302327755443,Private room,2,FALSE,8,88,7.037375351237348
904.6929045526782,Entire home/apt,2,FALSE,10,100,13.846346364219896
142.7970459007198,Private room,4,TRUE,9,92,4.225001129607338
170.37487145928765,Private room,2,TRUE,10,99,2.334331902550123
644.80695522109,Entire home/apt,6,TRUE,10,100,4.863902983898238
260.8207908759465,Private room,2,TRUE,10,97,0.49012413413140105
293.5402449284846,Entire home/apt,2,TRUE,10,99,5.593760344909161
147.2375432364214,Entire home/apt,2,FALSE,9,92,5.37840974846249
191.40880620734785,Private room,2,TRUE,10,99,3.022726787841901
139.29139010937644,Private room,2,FALSE,10,98,2.6235298784667016
93.95157520800224,Private room,2,FALSE,10,94,10.2053207146625
176.21763111152657,Private room,2,TRUE,9,90,5.232128070787018
177.38618304197436,Private room,2,FALSE,8,95,4.086525683735085
173.880527250631,Private room,2,FALSE,10,97,3.1993052797581947
353.60381415350093,Entire home/apt,4,FALSE,10,97,6.16360595846961
324.6237262783958,Private room,2,TRUE,9,95,0.9555807195055794
162.1950079461531,Private room,2,FALSE,10,99,3.484199876714543
347.99476488735155,Private room,2,TRUE,10,98,3.529567500279178
146.0689913059736,Private room,2,FALSE,10,99,4.931132192029575
168.2714779844816,Entire home/apt,2,FALSE,10,94,8.549955695849723
519.538188277087,Entire home/apt,6,FALSE,9,89,2.008519227245686
168.2714779844816,Private room,3,FALSE,9,90,3.213392011981708
299.14929419463397,Private room,2,FALSE,6,60,8.919735779910805
125.26876694400298,Private room,2,FALSE,9,93,8.547444729969374
322.5203328035898,Private room,4,TRUE,10,93,4.297696377388108
458.0723567355333,Entire home/apt,5,FALSE,8,84,2.743768870103757
172.7119753201832,Entire home/apt,2,FALSE,10,100,3.1333750963778795
109.14275030382348,Private room,2,FALSE,10,94,3.8393949484260967
173.880527250631,Private room,2,FALSE,10,96,3.6801581192766166
196.083013929139,Entire home/apt,2,FALSE,10,93,8.367344971952448
125.26876694400298,Private room,2,FALSE,10,100,3.3478494431745887
134.6171823875853,Private room,2,TRUE,10,96,2.5263170218925435
287.9311956623352,Entire home/apt,4,TRUE,10,95,3.1373937726447516
345.4239506403664,Entire home/apt,3,FALSE,9,93,2.3241826582639065
391.9323174721884,Private room,4,FALSE,10,100,6.559578193552666
243.52622230531924,Entire home/apt,3,FALSE,7,78,5.649863029487457
202.86061512573616,Entire home/apt,2,TRUE,10,97,5.241034244257978
654.6227914368513,Entire home/apt,6,TRUE,9,94,2.700664451436235
194.68075161260165,Entire home/apt,3,FALSE,9,93,5.40840179509002
276.946807516126,Entire home/apt,2,FALSE,9,97,7.262027797948773
244.69477423576703,Private room,2,FALSE,10,99,6.944211563411395
220.15518369636345,Entire home/apt,2,TRUE,10,97,3.510684094360947
150.74319902776477,Private room,2,FALSE,10,95,6.818861654150153
141.39478358418248,Private room,2,FALSE,8,92,7.460010816229643
179.4895765167804,Private room,2,TRUE,10,97,13.627397780281434
197.2515658595868,Private room,4,FALSE,9,91,7.93235038753094
184.3974946246611,Entire home/apt,2,TRUE,10,97,5.679778981668202
95.12012713845004,Private room,2,FALSE,9,88,3.492282374356801
229.73730952603532,Private room,2,FALSE,9,90,1.0263532872526202
143.73188744507806,Shared room,6,FALSE,9,91,0.9866425112242028
143.73188744507806,Shared room,4,FALSE,10,93,0.8673269455287196
143.73188744507806,Shared room,6,FALSE,9,92,0.8424031011461497
109.14275030382348,Private room,2,FALSE,7,92,2.844810633492643
162.42871833224268,Private room,2,FALSE,10,94,0.5918965421460411
695.7558193886135,Entire home/apt,6,TRUE,10,95,4.297712221377252
231.84070300084133,Entire home/apt,4,FALSE,10,99,2.3705161739534755
147.2375432364214,Private room,3,TRUE,10,99,4.673480926335584
301.7201084416191,Entire home/apt,3,FALSE,10,100,3.898491411293649
81.33121435916611,Shared room,2,TRUE,10,99,6.0373883480162265
209.8719267084229,Entire home/apt,2,TRUE,10,99,7.822139998563558
91.61447134710666,Private room,2,FALSE,8,90,3.250577442825674
155.41740674955594,Private room,5,TRUE,10,95,1.432802023203618
226.23165373469195,Entire home/apt,5,FALSE,10,99,9.407124609531134
162.42871833224268,Entire home/apt,2,FALSE,10,96,1.045953020134923
204.02916705618395,Private room,2,TRUE,10,99,5.135357439843829
197.2515658595868,Private room,2,TRUE,10,98,2.4767013205140267
192.34364775170607,Private room,2,FALSE,10,97,4.323373204374394
125.26876694400298,Shared room,4,FALSE,9,90,7.872749319870672
197.2515658595868,Entire home/apt,2,FALSE,10,98,3.656613998150553
324.6237262783958,Entire home/apt,2,TRUE,9,96,7.956032514317922
218.05179022155744,Private room,2,TRUE,10,99,8.679772166565556
125.03505655791342,Private room,2,FALSE,10,97,5.68612411054115
276.0119659717678,Entire home/apt,4,TRUE,10,98,3.3032638019535856
173.880527250631,Private room,2,FALSE,9,96,8.273855852573549
179.72328690286994,Private room,2,TRUE,9,89,4.934291209741834
379.31195662335233,Entire home/apt,2,TRUE,10,99,2.669394504227379
161.02645601570532,Private room,2,TRUE,10,98,2.7206269584801492
388.4266616808451,Entire home/apt,4,TRUE,10,98,1.9955318176439103
197.2515658595868,Private room,3,FALSE,10,97,6.137346375354338
138.12283817892865,Private room,6,FALSE,7,87,8.039123785718775
156.58595868000373,Private room,2,FALSE,9,93,4.179012602626603
102.13143872113676,Private room,2,TRUE,10,99,9.043917161958676
169.4400299149294,Private room,2,FALSE,10,98,2.5994206059901503
128.77442273534635,Private room,2,TRUE,10,97,8.087902796255856
161.02645601570532,Private room,3,TRUE,10,97,5.806023049957286
261.05450126203607,Entire home/apt,4,FALSE,8,88,2.291712747175713
652.0519771898663,Entire home/apt,6,TRUE,10,94,2.543832486976879
624.0067308591193,Entire home/apt,5,FALSE,9,93,6.838690462780256
115.92035150042068,Private room,2,FALSE,8,88,3.5744783486867244
725.9044591941665,Entire home/apt,6,FALSE,10,83,2.85872449214352
660.9329718612695,Entire home/apt,3,FALSE,10,96,5.17533387428163
247.03187809666255,Private room,2,TRUE,10,96,5.6003464606554765
797.6535477236607,Entire home/apt,6,FALSE,10,100,16.45966648587442
131.11152659624193,Private room,2,FALSE,9,92,8.345457695067937
164.5321118070487,Private room,2,TRUE,10,96,5.878880787026337
133.21492007104794,Private room,5,FALSE,6,70,4.211201593566701
185.79975694119844,Private room,2,FALSE,10,94,6.433552910035798
150.74319902776477,Private room,2,FALSE,8,98,3.939901827910582
611.1526596241937,Entire home/apt,5,FALSE,9,94,2.888632626739685
132.04636814060015,Private room,2,FALSE,9,89,8.404236915478588
211.97532018322892,Entire home/apt,2,FALSE,9,86,3.2777362783333004
162.42871833224268,Private room,2,TRUE,10,98,3.770312785878763
588.0153314013274,Entire home/apt,6,FALSE,9,96,3.75566356280553
243.52622230531924,Entire home/apt,4,FALSE,10,100,8.943874036454481
309.6662615686641,Entire home/apt,2,FALSE,10,100,2.929537974279937
254.97803122370755,Entire home/apt,2,FALSE,10,99,9.601650438480611
128.54071234925678,Private room,2,FALSE,9,89,8.399761166334264
128.54071234925678,Private room,2,FALSE,10,99,3.3219417377363794
155.41740674955594,Private room,2,TRUE,10,99,4.172592065053393
301.48639805552955,Entire home/apt,2,FALSE,10,95,3.4954533520809292
208.7033747779751,Private room,3,FALSE,10,94,2.761118915010837
317.61241469570905,Entire home/apt,6,FALSE,10,95,5.018951042452162
150.74319902776477,Private room,2,TRUE,10,100,3.10864882251984
644.80695522109,Entire home/apt,6,TRUE,10,99,4.67220805467244
345.4239506403664,Private room,4,FALSE,10,97,6.137921540824052
333.9721417219781,Entire home/apt,2,TRUE,9,97,1.243426235286945
289.8008787510517,Entire home/apt,2,FALSE,9,97,3.041486129189937
129.94297466579414,Private room,2,FALSE,10,99,3.486255900540693
125.03505655791342,Private room,2,TRUE,10,98,4.828162097193729
229.50359913994575,Private room,2,TRUE,10,100,2.1856979735673643
263.1578947368421,Private room,2,TRUE,10,100,2.09669863719773
424.418061138637,Entire home/apt,4,FALSE,10,100,9.46251824154201
169.20631952883986,Private room,2,FALSE,10,95,2.7120612567824747
191.40880620734785,Entire home/apt,4,FALSE,9,95,6.1510268306527784
539.1698607086098,Entire home/apt,2,TRUE,10,98,2.6490662744108175
160.0916144713471,Private room,2,TRUE,9,98,3.3270722553847714
160.0916144713471,Private room,4,TRUE,10,99,0.9827909895225798
133.21492007104794,Private room,2,TRUE,9,96,4.533610975844433
249.13527157146865,Private room,3,FALSE,9,96,3.5283959018562814
330.70019631672426,Entire home/apt,4,FALSE,10,96,4.890670122055744
266.4298401420959,Private room,3,FALSE,10,100,3.165100076664508
115.92035150042068,Private room,2,TRUE,10,100,7.706587097328004
208.46966439188552,Private room,4,TRUE,10,94,4.790686584102074
301.48639805552955,Entire home/apt,4,TRUE,10,98,3.612743438586708
301.48639805552955,Entire home/apt,4,TRUE,10,98,3.4623528710278584
150.74319902776477,Private room,5,TRUE,10,99,2.8740071217663448
176.21763111152657,Private room,2,TRUE,10,98,8.76011331098718
277.18051790221557,Entire home/apt,4,TRUE,9,100,8.3696448677758
149.57464709731698,Private room,2,FALSE,10,96,4.7550733631834285
359.4465738057399,Entire home/apt,4,TRUE,10,97,2.898768568919717
156.58595868000373,Private room,2,TRUE,10,98,4.675535719191737
263.1578947368421,Entire home/apt,2,FALSE,9,93,2.5074745348605147
127.60587080489856,Private room,2,TRUE,10,98,3.200432848811535
324.6237262783958,Entire home/apt,2,FALSE,10,98,9.426713850372687
127.60587080489856,Private room,2,FALSE,10,98,5.982445500396894
213.37758249976628,Private room,2,TRUE,10,98,5.486581078607373
118.25745536131625,Private room,2,FALSE,10,94,7.261882329742485
197.2515658595868,Private room,4,TRUE,10,98,2.543748321103773
113.81695802561464,Private room,2,FALSE,10,100,4.522813371912022
187.90315041600448,Private room,2,FALSE,10,80,7.0590731100000745
211.0404786388707,Entire home/apt,2,FALSE,10,100,7.096180103294865
280.4524633074694,Entire home/apt,4,FALSE,10,88,7.149197644820018
232.0744133869309,Private room,2,FALSE,9,89,7.584944992663319
160.0916144713471,Entire home/apt,3,FALSE,9,96,4.816082234687132
157.52080022436195,Private room,4,FALSE,9,90,2.8360047021798787
139.29139010937644,Private room,3,FALSE,9,86,2.8360164207997247
111.24614377862952,Private room,2,FALSE,10,91,1.8569893181675357
231.84070300084133,Private room,5,FALSE,9,93,10.796089061289283
148.4060951668692,Private room,2,TRUE,10,100,3.639722512635571
287.69748527624563,Entire home/apt,2,FALSE,9,86,3.462012289058824
118.25745536131625,Private room,2,TRUE,10,99,4.4003948697854245
126.2036084883612,Private room,2,TRUE,10,99,3.037563252382827
180.8918388333177,Private room,2,TRUE,9,97,8.691473288888897
220.388894082453,Private room,3,TRUE,10,98,2.9036379462089665
242.35767037487145,Private room,2,FALSE,9,94,3.3864988814431607
146.30270169206318,Private room,5,FALSE,10,93,0.7129017218128789
127.60587080489856,Private room,2,FALSE,8,88,2.7373762970032143
115.92035150042068,Shared room,2,TRUE,10,97,2.7175119716114864
115.92035150042068,Private room,2,TRUE,10,100,6.663173509695258
93.95157520800224,Private room,2,TRUE,9,98,7.893201801611143
157.75451061045152,Private room,2,TRUE,10,97,3.9252716306690303
127.60587080489856,Private room,2,TRUE,10,100,7.873413759463597
197.2515658595868,Entire home/apt,2,FALSE,9,93,4.2198660824402605
141.39478358418248,Private room,2,TRUE,10,96,3.8559108823407584
218.05179022155744,Entire home/apt,2,FALSE,10,91,2.288952818352941
218.05179022155744,Entire home/apt,2,FALSE,10,97,2.288962666647115
197.2515658595868,Private room,2,FALSE,10,89,3.560268909745165
123.39908385528652,Private room,2,TRUE,10,95,4.357242657501557
254.97803122370755,Entire home/apt,2,FALSE,9,100,8.040615146349197
237.68346265308028,Private room,4,TRUE,9,93,3.1194104587264486
263.1578947368421,Private room,4,TRUE,10,97,3.087164073694077
139.29139010937644,Private room,2,FALSE,10,96,4.54461373019338
794.381602318407,Entire home/apt,4,TRUE,9,100,3.0768755531258365
203.09432551182573,Entire home/apt,3,FALSE,10,94,7.742896075416685
462.51285407123487,Entire home/apt,4,FALSE,10,94,3.3648741848372583
462.51285407123487,Entire home/apt,4,FALSE,9,94,3.305367557456365
150.27577825558566,Private room,2,FALSE,9,93,2.8538909931195287
257.5488454706927,Private room,6,FALSE,9,87,2.7983306136544406
201.69206319528837,Private room,2,FALSE,10,98,1.0193057027750188
229.73730952603532,Entire home/apt,3,TRUE,9,95,2.077697276699988
185.79975694119844,Private room,2,FALSE,8,93,3.3022259297079093
162.1950079461531,Private room,3,TRUE,10,99,5.820562825984737
208.7033747779751,Private room,2,FALSE,10,95,8.996693813475305
339.814901374217,Entire home/apt,6,TRUE,10,100,3.746146117559489
196.083013929139,Entire home/apt,2,TRUE,10,99,8.492270298697877
167.10292605403382,Private room,2,TRUE,10,97,4.076659066014715
100.7291764045994,Private room,2,FALSE,10,100,4.330608614930728
291.203141067589,Entire home/apt,3,FALSE,9,86,7.727106692947928
329.29793400018696,Private room,4,TRUE,9,95,1.5145215148352922
83.66831822006169,Private room,2,TRUE,10,98,10.624416185055736
165.70066373749648,Private room,2,FALSE,10,98,4.670750943263645
144.90043937552585,Private room,3,FALSE,10,100,6.884111204813819
329.29793400018696,Private room,4,TRUE,10,97,1.652342175371737
491.7266523324296,Entire home/apt,6,FALSE,8,92,6.442952024794549
266.4298401420959,Private room,2,TRUE,10,97,5.927925244155076
133.21492007104794,Private room,3,FALSE,9,93,6.882522190136546
249.36898195755816,Private room,2,FALSE,9,92,3.4008395487197505
212.2090305693185,Entire home/apt,2,FALSE,10,92,1.1938206202273796
162.42871833224268,Private room,2,FALSE,9,99,2.904019879354039
530.9899971954753,Entire home/apt,2,FALSE,10,96,4.268192172941591
146.30270169206318,Private room,2,FALSE,9,97,8.111634953581616
171.77713377582498,Private room,2,TRUE,10,97,2.010282132247583
415.06964569505465,Entire home/apt,6,TRUE,10,96,3.867274890052156
150.74319902776477,Private room,2,FALSE,9,90,3.086966678453923
183.69636346639243,Private room,3,FALSE,9,85,2.871196722498285
197.2515658595868,Private room,2,TRUE,9,97,3.3273020208874047
153.54772366083947,Private room,3,FALSE,9,93,2.8915447948575563
150.74319902776477,Private room,2,FALSE,8,93,3.923471161541732
150.74319902776477,Private room,2,TRUE,10,97,3.410847938368384
249.36898195755816,Private room,2,TRUE,10,100,1.9096272173013291
162.42871833224268,Private room,2,FALSE,10,95,6.445392644224556
231.84070300084133,Private room,2,FALSE,9,94,3.2877753559954663
229.73730952603532,Private room,2,FALSE,10,100,7.346886645555331
299.14929419463397,Private room,3,FALSE,10,100,7.30198762306894
208.7033747779751,Entire home/apt,4,FALSE,9,93,4.14555860581772
129.94297466579414,Private room,2,FALSE,9,92,3.4231828144155667
291.203141067589,Entire home/apt,2,FALSE,9,92,7.719324868935147
388.4266616808451,Entire home/apt,5,FALSE,9,89,8.792120163036707
220.388894082453,Private room,2,FALSE,10,95,3.2991371678462618
134.6171823875853,Private room,2,FALSE,10,96,4.772192110683594
376.9748527624567,Entire home/apt,2,FALSE,10,93,10.617237426912585
197.2515658595868,Private room,2,TRUE,10,99,2.432829262708114
179.72328690286994,Private room,4,FALSE,9,92,3.107180170128428
301.48639805552955,Entire home/apt,2,TRUE,9,96,1.1251670924630086
122.9316630831074,Private room,2,FALSE,10,100,6.920480743163298
157.52080022436195,Private room,2,FALSE,8,96,3.8335463519445354
554.3610358044311,Entire home/apt,4,FALSE,9,91,4.2972798942483665
670.2813873048518,Entire home/apt,5,FALSE,10,96,4.173875320734258
347.99476488735155,Private room,2,TRUE,10,97,4.041275030617758
254.97803122370755,Entire home/apt,2,FALSE,10,100,1.6575938244662078
136.7205758623913,Private room,2,TRUE,9,96,4.031502593137131
389.5952136112929,Private room,2,FALSE,10,100,2.9764004794956582
151.91175095821256,Private room,3,TRUE,10,98,3.8967493843312417
278.34906983266336,Entire home/apt,2,TRUE,10,95,8.451991066168473
178.78844535851172,Entire home/apt,2,TRUE,10,95,4.632076373218529
115.92035150042068,Private room,2,FALSE,8,86,11.302136023810611
128.54071234925678,Private room,5,FALSE,9,92,3.907215494615055
154.01514443301858,Entire home/apt,2,FALSE,7,88,5.141656881308576
171.77713377582498,Private room,3,FALSE,9,98,10.525099381093682
249.36898195755816,Private room,2,FALSE,10,93,2.581391623128225
113.81695802561464,Private room,2,FALSE,10,100,10.590895072908577
382.58390202860613,Entire home/apt,4,FALSE,8,85,3.7936636262275494
102.13143872113676,Private room,2,TRUE,10,98,5.799444753106183
347.761054501262,Entire home/apt,2,FALSE,9,87,8.754093154247927
1449.4718145274376,Entire home/apt,2,FALSE,9,97,2.1106204953071437
231.84070300084133,Private room,2,FALSE,10,96,4.768697128787085
158.22193138263063,Private room,2,FALSE,10,91,6.906125773491582
224.12826025988593,Private room,2,FALSE,10,100,6.852185228764474
188.136860802094,Private room,2,FALSE,8,80,6.925986978768607
115.92035150042068,Private room,4,FALSE,9,100,3.5227119983637425
318.78096662615684,Entire home/apt,6,FALSE,8,81,3.4414897221613256
165.70066373749648,Private room,2,FALSE,10,96,2.9205623420489695
90.44591941665888,Private room,2,FALSE,10,100,4.609482037433923
199.58866972048236,Entire home/apt,2,TRUE,10,96,2.1521787880182655
202.86061512573616,Private room,4,FALSE,9,93,6.678564270047314
125.03505655791342,Private room,2,TRUE,10,99,5.065828872775895
135.55202393194352,Private room,2,FALSE,9,93,11.368580716686608
178.08731420024304,Private room,2,FALSE,8,76,5.845823335096804
148.4060951668692,Private room,2,FALSE,10,99,1.5449592686156954
111.24614377862952,Private room,2,FALSE,10,97,3.5661887476627543
182.99523230812375,Private room,2,FALSE,10,100,4.182702252198062
434.9350285126671,Entire home/apt,2,TRUE,10,100,1.5130739645268367
183.22894269421332,Private room,2,FALSE,9,93,2.494607995532497
133.21492007104794,Shared room,4,FALSE,9,92,2.4946302568399292
505.5155651117135,Entire home/apt,3,TRUE,10,99,5.339841144944367
219.2203421520052,Entire home/apt,2,TRUE,10,99,3.2300504842404245
191.40880620734785,Entire home/apt,2,FALSE,9,87,1.6128786363116878
143.73188744507806,Private room,3,FALSE,9,93,7.290452955037691
587.7816210152379,Entire home/apt,5,FALSE,9,87,8.855574667602584
564.8780031784612,Entire home/apt,5,FALSE,9,85,8.923916461320362
208.7033747779751,Entire home/apt,3,FALSE,10,95,8.792241475938198
153.08030288866036,Private room,3,FALSE,9,88,3.642324158640376
136.7205758623913,Private room,2,TRUE,10,98,4.859158667512741
93.95157520800224,Private room,2,FALSE,7,83,7.028826373454529
425.5866130690848,Entire home/apt,4,FALSE,9,88,8.864769914768862
98.6257829297934,Private room,2,FALSE,10,96,7.258220033284513
533.3271010563709,Entire home/apt,2,FALSE,10,100,5.261918031987561
115.92035150042068,Private room,2,FALSE,10,100,7.268117987184265
316.6775731513508,Entire home/apt,3,FALSE,9,88,8.817421212260802
347.761054501262,Entire home/apt,2,FALSE,10,91,2.5666629495239226
359.4465738057399,Entire home/apt,4,FALSE,8,92,3.2903913192480823
115.92035150042068,Private room,2,FALSE,10,100,9.14048128739234
208.7033747779751,Private room,2,FALSE,10,93,8.617551368100877
121.52940076657003,Private room,2,TRUE,10,100,2.270870354498465
324.6237262783958,Entire home/apt,2,FALSE,10,98,1.13446977151974
140.2262316537347,Private room,2,FALSE,10,99,2.9977101600380265
178.55473497242215,Private room,2,FALSE,10,92,4.206689785453664
197.2515658595868,Private room,2,TRUE,10,98,4.3061924989864275
312.9382069739179,Entire home/apt,2,TRUE,10,97,1.96917505473981
336.3092455828737,Entire home/apt,2,TRUE,10,95,1.9697886938417772
359.68028419182946,Entire home/apt,2,TRUE,10,100,2.0995524115935096
199.3549593343928,Entire home/apt,2,FALSE,10,100,9.823421605136176
125.03505655791342,Private room,2,FALSE,10,95,3.848043439197351
139.29139010937644,Private room,2,FALSE,10,100,4.677480920601444
254.97803122370755,Private room,6,FALSE,9,93,2.8258415945162887
254.97803122370755,Private room,3,FALSE,10,80,3.06426921290208
272.740020566514,Entire home/apt,6,TRUE,9,94,3.6995773089606594
243.52622230531924,Private room,2,TRUE,10,100,9.374224857169049
134.6171823875853,Private room,2,FALSE,9,100,9.192603920090235
179.72328690286994,Private room,2,TRUE,9,97,4.6528301968845485
481.2096849583995,Private room,2,FALSE,10,100,3.470143957603147
122.9316630831074,Private room,2,TRUE,10,97,9.728358715724127
266.4298401420959,Private room,2,FALSE,10,100,3.593164987353403
227.16649527905017,Entire home/apt,4,FALSE,9,92,5.44715330940322
204.02916705618395,Entire home/apt,2,FALSE,10,86,5.437872543956178
227.16649527905017,Entire home/apt,4,FALSE,9,90,5.4401776646139055
134.6171823875853,Private room,2,FALSE,8,71,3.9263862627046966
254.97803122370755,Entire home/apt,2,FALSE,10,98,0.2888229539930318
254.97803122370755,Entire home/apt,2,FALSE,10,97,0.1809257540659168
307.3291577077685,Entire home/apt,4,TRUE,9,98,7.2785245984895885
139.29139010937644,Private room,2,FALSE,10,100,2.9202589498516947
236.28120033654292,Private room,2,FALSE,10,100,6.410393438016576
168.2714779844816,Entire home/apt,2,FALSE,10,98,12.634585487321504
258.24997662896135,Private room,2,FALSE,10,90,2.9794165277633615
139.29139010937644,Private room,3,FALSE,7,79,2.352776421269997
179.72328690286994,Private room,2,TRUE,10,99,8.557196965287911
150.74319902776477,Private room,2,TRUE,10,100,9.573105371026688
92.78302327755443,Private room,2,FALSE,10,100,9.394366865030062
128.54071234925678,Private room,3,FALSE,10,100,7.080014075725474
249.13527157146865,Entire home/apt,2,FALSE,10,100,3.587171689950503
125.03505655791342,Private room,3,TRUE,9,89,8.419782344588594
144.90043937552585,Private room,2,FALSE,10,99,9.669838473809463
151.91175095821256,Private room,2,FALSE,9,91,2.5706352649732054
142.7970459007198,Private room,2,FALSE,9,90,2.644366941977042
184.3974946246611,Private room,2,FALSE,10,100,2.6106545914539545
410.62914835935305,Private room,4,FALSE,10,90,4.993840242926473
276.946807516126,Private room,2,FALSE,10,100,4.993855001613683
250.53753388800595,Private room,2,FALSE,10,100,4.9938407562549685
236.7486211087221,Private room,2,FALSE,10,100,4.9938329442081715
368.7949892493222,Private room,4,FALSE,10,90,3.892165434308626
296.8121903337384,Private room,2,FALSE,10,90,3.892182402258373
271.3377582499766,Private room,2,FALSE,10,98,3.892149928377517
445.2182855006077,Private room,4,FALSE,10,100,8.947530966909492
185.5660465551089,Private room,3,TRUE,10,98,8.169927789231343
220.15518369636345,Private room,2,FALSE,10,93,2.536652151334883
614.4246050294474,Entire home/apt,5,TRUE,9,89,2.0438223606485924
115.92035150042068,Private room,2,FALSE,10,100,5.405529082052234
242.35767037487145,Entire home/apt,6,FALSE,9,89,3.5991737919700784
252.8746377489015,Private room,3,TRUE,10,100,3.2443686277554322
249.36898195755816,Entire home/apt,4,FALSE,10,97,3.651185679556953
263.1578947368421,Entire home/apt,2,TRUE,10,99,3.2448217898429323
168.2714779844816,Private room,3,TRUE,10,97,3.275872447861541
310.8348134991119,Private room,2,FALSE,10,90,2.2351926069351644
194.9144619986912,Entire home/apt,2,TRUE,10,97,5.1887922600363625
104.23483219594276,Private room,2,TRUE,10,100,6.643300622156462
192.5773581377956,Entire home/apt,2,FALSE,9,89,3.4920995109263897
220.388894082453,Private room,2,FALSE,7,93,6.9650559394508464
175.98392072543703,Entire home/apt,2,TRUE,10,98,3.5101332988045946
150.74319902776477,Private room,2,FALSE,4,40,3.682170082117091
1159.437225390296,Private room,2,FALSE,10,80,2.928945841395804
220.15518369636345,Private room,3,FALSE,10,80,7.364129758808856
434.9350285126671,Entire home/apt,4,FALSE,8,92,6.766003759446491
197.2515658595868,Entire home/apt,2,FALSE,10,97,3.0613873221877697
214.54613443021407,Entire home/apt,2,TRUE,10,96,3.1430491450497704
135.55202393194352,Private room,3,FALSE,10,98,11.36563481117427
139.29139010937644,Private room,2,FALSE,9,95,8.634851141658281
206.36627091707953,Private room,2,FALSE,10,100,0.8556153918852135
162.42871833224268,Private room,2,FALSE,7,93,3.6012872934279336
220.388894082453,Entire home/apt,2,FALSE,9,90,2.863498659823294
162.42871833224268,Private room,2,FALSE,8,80,1.3095134290632642
225.06310180424416,Private room,2,TRUE,10,100,3.2340626024708716
322.2866224175002,Entire home/apt,4,FALSE,10,94,3.9908433298762263
150.50948864167523,Private room,3,FALSE,10,90,7.528231935485145
324.6237262783958,Entire home/apt,3,FALSE,9,95,1.8925639566662176
169.20631952883986,Private room,3,FALSE,9,100,8.350930719322452
115.92035150042068,Private room,2,FALSE,5,70,8.399521671853114
333.9721417219781,Entire home/apt,2,FALSE,10,90,4.555160840814889
283.95811909881274,Entire home/apt,2,FALSE,8,80,4.543970669711366
458.0723567355333,Entire home/apt,6,TRUE,10,98,1.2983338294018951
95.12012713845004,Private room,2,FALSE,9,83,8.585474054680047
276.0119659717678,Private room,4,TRUE,10,100,3.1849002800766835
218.05179022155744,Entire home/apt,2,FALSE,10,99,3.242250039360519
347.761054501262,Entire home/apt,5,FALSE,10,92,7.020696993366662
133.21492007104794,Private room,2,TRUE,10,96,4.413071525290148
301.48639805552955,Private room,2,FALSE,10,100,4.609923081291762
293.306534542395,Private room,2,FALSE,10,100,4.090239434143402
160.0916144713471,Private room,2,TRUE,10,98,5.033211180577254
229.73730952603532,Private room,3,TRUE,10,96,5.033257748834695
218.05179022155744,Private room,2,TRUE,10,90,5.104389366185365
141.39478358418248,Entire home/apt,2,FALSE,9,93,9.215866838174522
150.74319902776477,Private room,2,FALSE,9,94,2.8778663670471074
173.880527250631,Private room,2,TRUE,10,99,4.590126506612778
183.22894269421332,Private room,4,FALSE,10,96,2.9631869216140316
104.23483219594276,Private room,2,FALSE,10,100,5.495007685410924
494.99859773768344,Entire home/apt,6,FALSE,10,98,3.0611221739355976
264.3264466672899,Entire home/apt,4,FALSE,10,100,10.24155761383816
312.9382069739179,Entire home/apt,4,FALSE,10,93,3.181600874948842
287.69748527624563,Entire home/apt,5,FALSE,9,95,3.1427017638193204
287.69748527624563,Entire home/apt,5,FALSE,9,88,3.241870986847469
154.24885481910815,Private room,3,FALSE,10,96,3.0815660980734205
266.66355052818545,Entire home/apt,4,TRUE,10,96,7.223807532129014
153.08030288866036,Shared room,4,FALSE,8,80,0.9610629273326232
162.1950079461531,Private room,2,FALSE,8,92,2.6726457406973596
115.92035150042068,Private room,2,FALSE,9,97,9.145258564512556
109.14275030382348,Private room,3,TRUE,10,98,7.395171068108701
139.29139010937644,Shared room,6,FALSE,9,87,2.494616208432606
139.29139010937644,Shared room,5,FALSE,9,91,2.494638565765072
139.29139010937644,Private room,2,FALSE,10,100,2.9856488464361854
174.11423763672056,Private room,2,FALSE,10,100,7.678183128434347
202.86061512573616,Entire home/apt,2,FALSE,9,97,7.591878487734868
143.73188744507806,Private room,4,TRUE,10,97,5.412646168440493
104.23483219594276,Private room,2,TRUE,10,100,3.102142923187398
145.36786014770496,Private room,2,FALSE,10,95,4.470586419718329
165.70066373749648,Private room,2,TRUE,10,95,1.2906435312198068
405.9549406375619,Entire home/apt,5,TRUE,9,95,3.657024793884661
145.36786014770496,Shared room,4,FALSE,9,88,4.470549885406714
401.2807329157707,Entire home/apt,4,FALSE,9,94,5.965697495135464
132.04636814060015,Private room,2,FALSE,10,100,2.14187999068456
150.74319902776477,Private room,2,FALSE,10,98,7.234205314332271
231.84070300084133,Entire home/apt,3,FALSE,10,100,2.2963977873731287
175.04907918107878,Private room,2,FALSE,10,100,3.681583562623789
109.14275030382348,Private room,2,TRUE,10,98,5.724096787335177
276.2456763578573,Entire home/apt,2,FALSE,10,96,1.231009900986913
254.97803122370755,Entire home/apt,2,FALSE,10,97,1.4675618012427034
194.9144619986912,Private room,2,FALSE,10,98,2.8102699557553943
133.21492007104794,Private room,3,FALSE,9,87,4.65803107162094
159.85790408525753,Private room,2,FALSE,10,97,3.1154394906880674
139.29139010937644,Private room,2,FALSE,7,87,9.315964130107789
261.05450126203607,Entire home/apt,2,TRUE,9,97,5.624723271963512
204.26287744227352,Private room,2,FALSE,10,98,2.796409871044582
127.60587080489856,Private room,2,FALSE,10,100,5.890040578114464
147.70496400860054,Shared room,4,FALSE,10,96,4.4705540416061345
290.0345891371412,Entire home/apt,2,FALSE,10,94,0.7379833348823222
301.7201084416191,Entire home/apt,2,FALSE,10,97,0.7379707151027002
361.7836776666354,Entire home/apt,2,FALSE,10,100,0.7379915619798626
125.26876694400298,Private room,2,FALSE,7,69,3.727377162436742
125.26876694400298,Private room,2,FALSE,9,71,3.788567715432956
742.030475834346,Entire home/apt,6,FALSE,10,93,3.2098371649917734
249.36898195755816,Private room,2,FALSE,10,100,3.5827912410566087
168.2714779844816,Private room,2,FALSE,10,100,6.186505776442014
333.9721417219781,Entire home/apt,6,TRUE,10,95,3.04966926025336
136.7205758623913,Private room,2,FALSE,10,100,3.610333575409642
327.19454052538094,Entire home/apt,6,FALSE,10,100,8.003756649546087
99.56062447415162,Private room,2,FALSE,9,100,11.318673427683098
150.0420678694961,Shared room,4,FALSE,9,89,4.585402097612789
185.5660465551089,Shared room,2,FALSE,10,100,7.409592660720733
329.29793400018696,Entire home/apt,4,TRUE,10,100,3.628248166701423
197.2515658595868,Entire home/apt,3,FALSE,10,100,9.916641490724684
150.0420678694961,Shared room,4,FALSE,10,98,4.458772060562827
417.6404599420398,Entire home/apt,3,FALSE,10,86,3.626628743694251
218.05179022155744,Entire home/apt,2,FALSE,9,86,6.713176992353117
139.29139010937644,Private room,2,FALSE,8,87,9.070014966264315
185.5660465551089,Private room,2,FALSE,10,100,2.298179704930933
278.34906983266336,Entire home/apt,4,FALSE,10,98,1.3613013072639917
371.1320931102178,Entire home/apt,4,FALSE,10,95,2.0461997125467355
742.030475834346,Entire home/apt,6,FALSE,9,84,3.1384664566302978
257.5488454706927,Entire home/apt,2,TRUE,10,100,8.317548976633663
329.29793400018696,Entire home/apt,3,TRUE,10,97,3.3829896337395917
179.72328690286994,Private room,2,TRUE,10,98,4.182293903907723
92.78302327755443,Private room,3,FALSE,10,93,8.02465264765785
283.95811909881274,Entire home/apt,2,FALSE,10,100,5.222890777808142
231.84070300084133,Entire home/apt,3,FALSE,10,100,7.221366415349542
382.58390202860613,Entire home/apt,3,FALSE,10,98,3.5812272286027493
209.8719267084229,Private room,3,FALSE,9,98,3.8615342907491623
144.90043937552585,Entire home/apt,3,FALSE,7,83,8.63094468852152
156.58595868000373,Private room,2,FALSE,10,100,3.3540923745785785
188.136860802094,Private room,2,FALSE,10,100,6.7642101479713155
276.0119659717678,Entire home/apt,4,FALSE,6,60,2.2437830348255132
264.3264466672899,Entire home/apt,4,FALSE,9,90,2.312344223813794
295.6436384032906,Entire home/apt,4,FALSE,8,80,3.4600770173506588
241.18911844442368,Entire home/apt,3,FALSE,8,40,2.232246332672837
322.5203328035898,Entire home/apt,6,FALSE,8,100,2.577325521516647
241.18911844442368,Entire home/apt,4,FALSE,8,70,7.262151608144912
206.36627091707953,Entire home/apt,2,FALSE,10,93,4.745501052370812
220.388894082453,Private room,2,FALSE,10,100,1.3001148406011138
611.1526596241937,Entire home/apt,6,TRUE,10,99,3.4374904409482734
162.42871833224268,Private room,2,FALSE,10,90,12.912668489058252
162.1950079461531,Private room,2,FALSE,7,80,3.420594743038228
347.99476488735155,Entire home/apt,4,FALSE,8,86,8.78058720209989
150.74319902776477,Entire home/apt,2,FALSE,10,100,4.303383772539823
251.4723754323642,Entire home/apt,3,FALSE,9,100,2.515705757953797
139.29139010937644,Private room,2,FALSE,9,80,9.367096693216768
150.50948864167523,Private room,2,FALSE,10,100,3.7639935613893134
197.2515658595868,Entire home/apt,2,FALSE,10,100,3.1200128236350255
139.29139010937644,Private room,2,FALSE,8,90,3.648573279229328
120.59455922221184,Private room,2,FALSE,7,80,10.702422604533137
195.84930354304944,Private room,3,FALSE,9,95,1.0109532355632462
127.60587080489856,Private room,3,FALSE,10,100,9.110595685068873
174.11423763672056,Private room,2,FALSE,10,100,2.984803118730129
91.61447134710666,Private room,2,FALSE,7,93,7.955688343788784
162.42871833224268,Private room,2,FALSE,9,97,3.813250152830277
143.73188744507806,Private room,2,TRUE,9,100,3.6000061053431516
127.60587080489856,Private room,2,FALSE,10,100,7.740013616833277
141.39478358418248,Private room,3,FALSE,7,80,2.4548856451434045
169.20631952883986,Private room,2,FALSE,10,90,7.691701912425626
312.9382069739179,Entire home/apt,3,FALSE,10,100,3.4228768455081315
191.17509582125828,Private room,2,FALSE,10,100,1.1157390053591347
154.01514443301858,Private room,2,TRUE,10,85,1.4227493649156813
263.1578947368421,Entire home/apt,2,FALSE,10,90,2.8791765120459947
248.20043002711037,Entire home/apt,2,FALSE,6,80,1.380218120619635
258.7173974011405,Private room,2,FALSE,10,100,7.184203367981265
238.85201458352807,Private room,2,FALSE,10,100,4.167757355913502
173.880527250631,Private room,2,TRUE,10,94,0.22843912316680556
300.7852668972609,Entire home/apt,6,FALSE,10,100,2.95546415048583
175.28278956716835,Private room,2,FALSE,10,100,1.6685530049584527
102.36514910722632,Shared room,2,FALSE,8,92,4.247488660251663
209.4045059362438,Private room,5,FALSE,8,100,3.199816543723568
173.880527250631,Entire home/apt,6,FALSE,10,100,13.50750294825502
289.8008787510517,Entire home/apt,3,FALSE,10,84,1.1645807413584348
289.8008787510517,Entire home/apt,6,FALSE,10,80,1.1645850107560438
156.58595868000373,Private room,2,FALSE,10,96,3.776901928844637
388.4266616808451,Private room,2,FALSE,10,100,3.457689071261299
249.36898195755816,Entire home/apt,2,FALSE,10,100,5.628324630290779
175.28278956716835,Private room,2,FALSE,8,100,2.2430486044508795
95.12012713845004,Private room,2,FALSE,6,90,8.223375691810512
179.72328690286994,Private room,2,FALSE,10,100,2.0386395266498387
386.0895578199495,Entire home/apt,6,TRUE,10,100,6.668442921332063
186.50088809946712,Private room,2,FALSE,10,100,0.4142226789641503
371.1320931102178,Entire home/apt,2,FALSE,10,100,2.9228648432404305
254.97803122370755,Entire home/apt,4,FALSE,6,80,3.166534663672925
231.84070300084133,Entire home/apt,2,FALSE,10,100,7.761793853473192
127.60587080489856,Private room,2,FALSE,10,100,9.8873576438768
150.74319902776477,Shared room,4,FALSE,6,80,6.727840399206331
150.74319902776477,Private room,2,FALSE,6,100,4.854453076718019
129.94297466579414,Private room,2,FALSE,9,100,4.304028834049099
85.77171169486772,Private room,2,FALSE,10,100,6.505716759488127
115.92035150042068,Private room,2,FALSE,9,87,4.360668224645762
324.6237262783958,Entire home/apt,4,FALSE,10,100,7.180611844914153
194.68075161260165,Entire home/apt,2,FALSE,10,100,2.3611975807899417
353.8375245395905,Entire home/apt,6,FALSE,10,100,2.0755227170288464
180.8918388333177,Private room,2,FALSE,9,96,4.476341496780307
324.6237262783958,Entire home/apt,6,FALSE,8,88,6.873857445900125
139.29139010937644,Private room,2,FALSE,10,96,8.202859148873795
336.3092455828737,Entire home/apt,4,TRUE,10,96,10.161947023032186
1507.431990277648,Entire home/apt,2,FALSE,10,100,8.804372102339508
150.74319902776477,Private room,2,FALSE,10,97,5.068550562681606
212.2090305693185,Private room,2,TRUE,10,99,3.1707614116750698
745.7698420117789,Entire home/apt,6,TRUE,9,97,0.9243389990750862
136.95428624848088,Private room,2,FALSE,10,96,4.946671859794859
157.75451061045152,Private room,2,TRUE,9,94,3.557991964807754
208.46966439188552,Entire home/apt,4,FALSE,8,89,4.383810870396442
328.12938206973917,Entire home/apt,4,TRUE,10,98,3.012603763333791
223.89454987379636,Entire home/apt,2,FALSE,10,94,3.502154596245961
146.30270169206318,Private room,2,TRUE,10,98,3.691837516664118
185.79975694119844,Private room,2,FALSE,10,97,5.381810269752485
343.3205571655604,Entire home/apt,4,FALSE,9,84,4.989727601287786
232.0744133869309,Entire home/apt,2,TRUE,10,97,8.26047256178774
139.0576797232869,Private room,4,FALSE,10,94,3.109136444407306
231.84070300084133,Entire home/apt,2,TRUE,10,95,4.004712112160133
125.03505655791342,Private room,2,FALSE,10,97,5.608949933056997
261.05450126203607,Entire home/apt,2,FALSE,10,93,3.7584665702317057
115.92035150042068,Private room,2,FALSE,9,88,4.3328228448490655
110.31130223427128,Private room,2,FALSE,10,98,4.496714571638352
197.2515658595868,Private room,2,FALSE,10,97,3.333941647761681
358.51173226138167,Entire home/apt,5,TRUE,9,96,3.32422021290636
220.388894082453,Private room,4,TRUE,10,91,3.0106152105985124
148.4060951668692,Private room,2,FALSE,9,91,0.8505068591994008
158.9230625408993,Private room,2,FALSE,8,93,3.5824296720684377
162.42871833224268,Private room,2,FALSE,10,100,6.7827049406698325
197.2515658595868,Private room,2,TRUE,10,98,4.062124707353248
143.73188744507806,Private room,2,FALSE,9,97,5.760850501099745
183.22894269421332,Private room,2,TRUE,9,94,3.6984524782199553
162.42871833224268,Private room,2,FALSE,9,92,2.5204708427363447
312.9382069739179,Entire home/apt,5,FALSE,8,93,2.9252390879306076
127.60587080489856,Private room,2,FALSE,10,80,3.677728000272509
545.0126203608488,Entire home/apt,3,TRUE,10,99,13.939761399965652
214.54613443021407,Private room,2,TRUE,10,97,7.138218278166336
215.71468636066183,Private room,2,FALSE,9,86,0.9463411303129776
143.73188744507806,Shared room,6,FALSE,9,91,0.9798933011868955
143.73188744507806,Shared room,6,FALSE,10,93,0.978826567381832
148.4060951668692,Shared room,4,FALSE,9,91,1.0428828951448514
271.3377582499766,Entire home/apt,4,FALSE,10,92,8.877371401730185
148.4060951668692,Shared room,4,FALSE,9,90,1.0087512198471722
134.6171823875853,Shared room,6,FALSE,9,91,0.8567492625660698
129.94297466579414,Shared room,6,FALSE,10,90,0.9259922725585226
165.70066373749648,Entire home/apt,2,TRUE,10,96,1.3533819006461485
177.38618304197436,Private room,2,FALSE,10,92,3.178873902762744
730.3449565298681,Entire home/apt,2,FALSE,10,96,1.5874758266570332
154.01514443301858,Private room,2,FALSE,8,90,4.584163559683922
135.55202393194352,Private room,2,TRUE,10,92,0.7950246142991465
119.42600729176404,Private room,2,FALSE,10,95,4.494656636909203
110.31130223427128,Private room,2,FALSE,9,85,3.935655969776088
292.60540338412636,Entire home/apt,4,FALSE,10,98,3.97444255911798
214.7798448163036,Entire home/apt,2,FALSE,9,92,4.1266128744701085
162.1950079461531,Private room,3,FALSE,10,99,3.679972809857368
637.7956436384032,Entire home/apt,4,FALSE,10,100,12.067028735297194
120.59455922221184,Private room,2,FALSE,10,96,7.474466165590471
175.04907918107878,Private room,2,TRUE,10,97,4.239396458859355
150.74319902776477,Private room,2,FALSE,9,94,2.7888365486051354
254.04318967934933,Entire home/apt,2,TRUE,10,98,2.955168444579021
155.41740674955594,Private room,4,FALSE,10,92,8.667533570066652
150.74319902776477,Private room,2,FALSE,9,92,8.802333162912818
120.82826960830138,Private room,3,FALSE,8,92,2.5079464549645305
231.84070300084133,Entire home/apt,6,FALSE,9,87,3.790619998404048
160.0916144713471,Private room,2,FALSE,10,91,4.162355762605381
443.1148920258016,Entire home/apt,4,FALSE,9,92,2.812289004418276
117.08890343086846,Private room,2,TRUE,10,96,5.690057026441815
229.73730952603532,Private room,4,FALSE,9,92,3.0028120297614778
150.74319902776477,Private room,3,TRUE,10,98,8.182035655922025
142.7970459007198,Private room,2,FALSE,9,89,1.0925791140981067
183.22894269421332,Private room,3,FALSE,9,91,3.0048091251309987
139.0576797232869,Private room,2,TRUE,10,96,3.992434149538728
189.53912311863135,Entire home/apt,3,FALSE,10,90,8.910709468655904
180.8918388333177,Private room,2,TRUE,10,98,1.6600378357048098
301.48639805552955,Entire home/apt,2,FALSE,9,93,5.845065214196302
278.1153594465738,Entire home/apt,2,FALSE,9,94,5.869442161939771
195.84930354304944,Private room,3,TRUE,10,96,3.940616328051151
913.5738992240814,Entire home/apt,5,FALSE,8,81,9.219217839350556
380.4805085538001,Entire home/apt,6,FALSE,9,97,3.399990619611651
324.6237262783958,Entire home/apt,2,FALSE,10,97,5.5083112108333
231.84070300084133,Private room,2,TRUE,10,98,2.898002337549595
173.880527250631,Private room,3,FALSE,10,97,8.319289631319993
347.99476488735155,Entire home/apt,2,FALSE,10,96,3.0841700667010454
371.1320931102178,Entire home/apt,3,FALSE,10,96,3.095091361656179
415.06964569505465,Entire home/apt,3,FALSE,10,100,3.1708054605663554
347.99476488735155,Entire home/apt,2,FALSE,10,91,2.98411991395872
371.1320931102178,Entire home/apt,3,FALSE,10,97,3.1334594457232146
415.06964569505465,Entire home/apt,3,FALSE,10,80,3.1801376292486725
129.94297466579414,Private room,2,FALSE,10,97,7.367491112839839
319.0146770122464,Entire home/apt,6,FALSE,9,89,3.525376291313987
167.10292605403382,Private room,2,TRUE,10,99,2.8372418816439957
228.33504720949796,Private room,4,FALSE,8,89,2.3916400848831967
247.03187809666255,Entire home/apt,3,FALSE,9,90,8.123943217709623
137.8891277928391,Private room,2,TRUE,9,96,3.294775328895624
115.92035150042068,Private room,2,FALSE,10,95,4.188206747673236
520.7067402075347,Entire home/apt,6,TRUE,9,96,3.8424871193484784
148.4060951668692,Shared room,4,FALSE,9,86,1.0107472256540535
171.77713377582498,Private room,3,FALSE,9,87,3.5253948371979695
343.0868467794709,Entire home/apt,4,TRUE,9,97,2.982810370841905
106.80564644292792,Private room,3,FALSE,10,99,14.647749083829796
104.23483219594276,Private room,2,FALSE,9,92,3.6957726092653305
139.29139010937644,Private room,4,FALSE,9,89,5.243655175248138
214.54613443021407,Entire home/apt,4,FALSE,10,100,4.805482252486225
157.52080022436195,Shared room,2,TRUE,10,95,11.43067223619715
142.7970459007198,Private room,2,TRUE,10,98,2.742890666095952
185.5660465551089,Entire home/apt,2,FALSE,8,90,10.415137212563431
380.4805085538001,Entire home/apt,5,FALSE,10,100,9.813714013290069
278.34906983266336,Entire home/apt,2,FALSE,10,100,3.624909733606652
214.54613443021407,Private room,3,FALSE,9,81,3.608212726186828
278.1153594465738,Private room,4,FALSE,10,88,3.568774459507946
104.23483219594276,Private room,2,TRUE,10,99,13.105431731795056
127.60587080489856,Private room,2,FALSE,10,96,11.843667586078736
90.44591941665888,Private room,2,FALSE,10,98,6.672578675592103
142.7970459007198,Private room,2,TRUE,10,98,3.0768669731292624
276.0119659717678,Entire home/apt,3,FALSE,10,96,6.65392267901361
111.47985416471909,Private room,4,FALSE,8,90,10.06032666984438
346.5925025708142,Entire home/apt,2,TRUE,10,95,4.345236104332601
209.8719267084229,Private room,3,FALSE,9,93,3.4280136241670913
109.14275030382348,Private room,4,FALSE,8,90,10.22503660299282
218.05179022155744,Private room,2,TRUE,10,96,3.028353198882907
226.23165373469195,Entire home/apt,2,TRUE,9,100,3.051584271085982
208.46966439188552,Entire home/apt,2,TRUE,10,99,9.616790701766366
183.22894269421332,Entire home/apt,3,TRUE,9,95,12.1667382078991
157.75451061045152,Entire home/apt,4,TRUE,10,98,8.907931528996734
127.60587080489856,Private room,2,FALSE,10,91,5.808140266749801
168.2714779844816,Private room,2,FALSE,9,96,1.6303017525161707
88.10881555576329,Private room,2,TRUE,10,99,11.037823171211803
336.3092455828737,Entire home/apt,6,FALSE,10,93,3.9399519495141258
223.6608394877068,Entire home/apt,2,FALSE,4,80,2.004935837277543
220.388894082453,Entire home/apt,2,FALSE,10,100,3.4975353468694146
287.69748527624563,Entire home/apt,4,FALSE,10,97,2.71204134365755
287.69748527624563,Entire home/apt,5,FALSE,10,98,6.11349081048854
248.20043002711037,Entire home/apt,2,FALSE,8,100,2.048754548291829
139.29139010937644,Private room,2,FALSE,10,93,3.4598184362521063
126.2036084883612,Private room,4,FALSE,9,93,8.910318465134562
220.388894082453,Entire home/apt,4,FALSE,7,84,6.861539610679737
301.48639805552955,Entire home/apt,4,FALSE,9,100,13.831834345690442
122.9316630831074,Private room,2,FALSE,9,88,3.2268797217691776
120.82826960830138,Private room,3,FALSE,9,92,10.161682293588276
192.5773581377956,Private room,2,FALSE,9,96,1.8551952759850887
201.69206319528837,Entire home/apt,4,FALSE,9,91,13.475693960846518
150.74319902776477,Private room,2,FALSE,10,80,4.201200468472155
64.97148733289707,Private room,2,TRUE,10,96,3.8856614426725256
115.92035150042068,Shared room,2,FALSE,10,95,2.9826486333673876
147.00383285033186,Private room,2,FALSE,9,92,6.715312089555231
162.42871833224268,Private room,2,TRUE,10,99,1.851530338550272
345.4239506403664,Entire home/apt,2,TRUE,10,97,0.8783738189427465
197.2515658595868,Entire home/apt,4,TRUE,10,95,14.757536539542428
206.36627091707953,Entire home/apt,2,TRUE,9,96,5.732144980111465
249.13527157146865,Entire home/apt,5,FALSE,9,100,5.445702826078003
202.86061512573616,Entire home/apt,3,FALSE,10,91,5.445688544619371
243.52622230531924,Private room,2,FALSE,9,93,2.37136985880777
150.74319902776477,Private room,2,FALSE,10,100,2.748381387197665
298.9155838085444,Entire home/apt,2,FALSE,9,98,1.805312142447804
238.6183041974385,Entire home/apt,2,FALSE,10,95,1.4527086122276782
204.26287744227352,Private room,3,FALSE,9,91,2.872514546522041
116.15406188651022,Private room,2,TRUE,9,97,6.149231924031354
220.388894082453,Entire home/apt,2,TRUE,10,98,6.123715234894644
299.14929419463397,Entire home/apt,4,FALSE,9,93,1.6196298396886228
324.6237262783958,Private room,4,FALSE,9,96,0.5759094860436492
278.34906983266336,Entire home/apt,3,FALSE,10,93,4.12244116430236
162.42871833224268,Private room,2,FALSE,10,99,5.775532033640338
237.68346265308028,Entire home/apt,4,TRUE,10,96,16.895526196613552
129.94297466579414,Private room,3,FALSE,9,94,6.1541099981545555
330.70019631672426,Private room,6,FALSE,9,90,5.276719704470152
133.21492007104794,Private room,2,TRUE,10,97,4.175326586672797
212.2090305693185,Private room,2,FALSE,9,98,3.977468845520797
342.1520052351126,Private room,4,FALSE,9,87,3.815189111068912
177.38618304197436,Private room,2,TRUE,9,98,5.422383314207811
336.3092455828737,Private room,6,FALSE,9,89,1.4189132243083182
247.03187809666255,Private room,3,FALSE,10,89,2.6522270411894207
293.5402449284846,Entire home/apt,6,FALSE,9,94,5.93063756594444
243.52622230531924,Private room,2,FALSE,10,98,1.2963923291590569
134.6171823875853,Private room,2,FALSE,9,93,5.095236368819105
237.68346265308028,Private room,2,TRUE,9,97,0.8019934014340027
156.58595868000373,Private room,2,TRUE,10,96,5.617765678778271
177.38618304197436,Private room,4,FALSE,10,98,2.759356211359095
122.9316630831074,Private room,2,FALSE,10,99,5.266208073243704
155.41740674955594,Private room,2,FALSE,9,97,5.55468851680662
193.7459100682434,Private room,3,FALSE,10,99,5.898308138358902
294.7087968589324,Private room,3,FALSE,9,95,1.7571156073024845
174.11423763672056,Private room,2,TRUE,10,98,2.689282960191135
109.14275030382348,Private room,2,FALSE,10,97,5.701396975437801
142.7970459007198,Private room,2,FALSE,10,93,4.136077112030471
755.3519678414508,Private room,2,FALSE,9,100,2.5252647091070193
347.761054501262,Private room,2,FALSE,9,93,4.788514925004719
160.0916144713471,Private room,2,FALSE,7,84,3.765301881217222
202.86061512573616,Private room,2,FALSE,10,100,1.9730260020136416
272.5063101804244,Private room,2,FALSE,10,100,1.7212676845368862
272.5063101804244,Entire home/apt,5,FALSE,8,100,5.453029374635434
149.80835748340655,Private room,3,TRUE,9,94,1.894575587176348
336.3092455828737,Private room,2,FALSE,10,100,6.132145069075037
272.5063101804244,Entire home/apt,2,FALSE,10,94,0.7643777640388303
208.7033747779751,Private room,4,FALSE,10,96,1.7494111307386475
148.4060951668692,Private room,2,FALSE,9,95,5.383825357497509
190.0065438908105,Private room,2,TRUE,9,96,1.525749418589141
125.03505655791342,Private room,2,FALSE,9,97,5.572680191972965
808.4042254837805,Entire home/apt,6,FALSE,8,79,1.322656309267029
505.5155651117135,Entire home/apt,4,FALSE,10,98,0.5453425767188053
211.0404786388707,Private room,2,FALSE,10,98,4.723246891649641
136.7205758623913,Private room,2,FALSE,10,92,2.5586993297196514
157.52080022436195,Private room,3,FALSE,9,98,1.3461142787651446
115.92035150042068,Private room,2,FALSE,10,95,6.735901236727675
232.0744133869309,Entire home/apt,2,FALSE,10,93,1.999883773470532
426.75516499953255,Private room,6,TRUE,10,97,6.657655872090708
185.79975694119844,Private room,2,TRUE,10,97,5.47326661102636
786.435449191362,Entire home/apt,6,FALSE,9,91,1.1619033913767909
157.75451061045152,Private room,2,FALSE,10,97,4.295241812169327
405.9549406375619,Entire home/apt,5,FALSE,10,100,3.0770935529634977
266.66355052818545,Private room,2,TRUE,10,99,5.196055447167779
347.99476488735155,Entire home/apt,4,FALSE,9,89,1.6775799802510185
180.8918388333177,Entire home/apt,3,FALSE,9,90,5.39896682058064
179.72328690286994,Private room,2,TRUE,10,95,4.735593172813824
127.60587080489856,Private room,2,FALSE,10,100,16.0539250232139
260.8207908759465,Private room,2,FALSE,8,80,4.639068757590077
175.04907918107878,Entire home/apt,6,FALSE,9,93,15.016248856273377
411.5639899037113,Entire home/apt,2,TRUE,10,98,0.8542139536949211
605.3098999719547,Entire home/apt,2,FALSE,10,98,1.0526374687628872
272.5063101804244,Entire home/apt,6,FALSE,8,90,4.223382835748069
296.8121903337384,Private room,2,FALSE,10,100,6.521933827150318
141.39478358418248,Private room,2,TRUE,10,100,3.923466824344908
278.34906983266336,Private room,2,TRUE,10,94,6.091640148609568
162.42871833224268,Private room,2,FALSE,8,91,4.82311583783982
160.0916144713471,Private room,2,TRUE,9,95,5.132234089592986
201.69206319528837,Private room,2,TRUE,10,98,2.723307753319292
405.9549406375619,Private room,2,FALSE,6,60,5.014522831108403
221.5574460129008,Private room,2,FALSE,10,95,5.7400914235348
539.1698607086098,Entire home/apt,5,TRUE,9,95,1.1916701719681215
382.58390202860613,Entire home/apt,4,FALSE,10,94,1.3832040760751585
162.42871833224268,Private room,2,FALSE,10,100,4.943956384245368
153.08030288866036,Private room,2,FALSE,10,95,3.555212533675175
160.0916144713471,Private room,3,TRUE,10,99,6.137438320707947
695.7558193886135,Entire home/apt,3,FALSE,10,100,5.855577368055368
266.66355052818545,Entire home/apt,6,TRUE,10,98,5.387362648409458
124.1002150135552,Private room,2,FALSE,9,95,6.1137227412288295
488.22099654108627,Entire home/apt,6,FALSE,9,87,1.2583775281019536
247.03187809666255,Private room,3,FALSE,9,92,2.0895610551112327
178.55473497242215,Private room,2,FALSE,9,96,3.972376741780205
116.15406188651022,Private room,3,FALSE,9,95,5.223704929476823
243.52622230531924,Private room,2,TRUE,10,100,4.092915704453262
105.63709451248012,Private room,2,FALSE,9,87,5.752739615939952
139.29139010937644,Private room,3,FALSE,9,100,5.04130329111411
102.13143872113676,Private room,3,TRUE,10,100,15.365517229001478
111.24614377862952,Private room,2,FALSE,8,89,5.195798937759767
254.97803122370755,Private room,2,FALSE,10,100,5.203959563708989
214.54613443021407,Private room,2,TRUE,10,99,4.486541480113074
209.8719267084229,Private room,3,FALSE,10,100,6.8480624487990545
193.51219968215383,Private room,2,FALSE,10,97,4.223812561955355
337.47779751332143,Entire home/apt,4,FALSE,9,80,2.807373642947228
168.2714779844816,Private room,2,TRUE,10,97,5.512852530844568
336.3092455828737,Private room,2,FALSE,9,87,1.775121180058392
86.9402636253155,Shared room,6,FALSE,7,84,4.5664678669588135
293.5402449284846,Private room,2,FALSE,9,89,0.8362229731571277
120.82826960830138,Private room,2,FALSE,9,82,4.566459125817203
150.74319902776477,Private room,2,TRUE,10,99,3.2063257804652667
174.34794802281013,Private room,3,FALSE,8,100,4.56644129720086
101.66401794895764,Shared room,5,FALSE,7,67,4.000929634303396
162.1950079461531,Private room,2,TRUE,10,97,3.846810791450141
160.0916144713471,Private room,2,TRUE,10,98,2.003751926296035
186.7345984855567,Private room,2,FALSE,10,94,5.453158597554262
301.48639805552955,Entire home/apt,2,TRUE,10,98,1.3045161609378042
162.42871833224268,Private room,3,FALSE,9,93,4.858869763525921
185.5660465551089,Entire home/apt,3,FALSE,10,94,6.292093176116909
189.3054127325418,Private room,4,FALSE,10,95,4.2653614485280045
162.42871833224268,Private room,2,FALSE,10,100,5.3467913093157735
122.9316630831074,Private room,2,FALSE,10,100,4.933155440186986
191.40880620734785,Entire home/apt,3,FALSE,10,97,5.67996203994411
160.0916144713471,Private room,2,FALSE,10,99,0.22367357091183812
307.3291577077685,Entire home/apt,2,FALSE,7,80,3.36594994187454
308.4977096382163,Private room,2,FALSE,10,100,1.9938593888417069
182.06039076376553,Entire home/apt,3,FALSE,10,95,6.295684365556365
115.92035150042068,Private room,2,FALSE,10,93,6.486419238823874
162.42871833224268,Private room,2,FALSE,10,40,5.45030609038031
139.0576797232869,Private room,2,FALSE,10,97,3.40663361283929
330.70019631672426,Entire home/apt,5,FALSE,9,86,3.860514476444501
624.9415724034776,Entire home/apt,6,FALSE,8,85,4.746308947227985
150.74319902776477,Private room,2,FALSE,10,100,5.680904364161152
428.85855847433857,Entire home/apt,6,TRUE,10,99,13.67409157414346
182.99523230812375,Entire home/apt,3,TRUE,10,100,14.04379971163096
189.07170234645227,Private room,2,FALSE,10,100,5.835310678525195
289.8008787510517,Entire home/apt,2,FALSE,10,100,5.189699948520493
189.07170234645227,Private room,2,FALSE,9,80,1.4290667452919004
1380.0598298588388,Entire home/apt,6,TRUE,10,99,2.7215842739340808
191.40880620734785,Private room,2,FALSE,10,100,1.084651887932951
132.04636814060015,Private room,2,FALSE,9,92,1.04074816676255
243.7599326914088,Private room,2,FALSE,10,90,1.359885596076464
187.6694400299149,Private room,2,FALSE,10,90,1.8534600827180776
235.3463587921847,Entire home/apt,5,FALSE,9,94,5.573098052449193
180.8918388333177,Entire home/apt,4,FALSE,9,88,5.8953168257688775
191.40880620734785,Entire home/apt,2,FALSE,10,96,5.514866097267469
127.60587080489856,Private room,2,FALSE,9,98,5.213850360492953
484.7153407497429,Entire home/apt,4,FALSE,10,100,3.5113466151099257
299.14929419463397,Entire home/apt,4,FALSE,10,96,3.242390238739893
156.58595868000373,Private room,3,FALSE,9,85,4.5531538289255
220.15518369636345,Entire home/apt,5,FALSE,10,88,5.679144345309509
139.29139010937644,Private room,2,FALSE,10,95,2.0186421032355115
252.8746377489015,Entire home/apt,5,FALSE,9,90,6.026335358973567
289.8008787510517,Entire home/apt,6,FALSE,10,94,5.520766207023019
144.90043937552585,Private room,2,FALSE,10,99,5.152493601867686
118.25745536131625,Private room,2,FALSE,10,98,5.501919362801512
168.2714779844816,Private room,2,FALSE,10,100,3.8360713322516222
179.72328690286994,Private room,2,FALSE,10,94,2.648557573351173
139.29139010937644,Private room,2,TRUE,10,99,3.3758066708840966
376.9748527624567,Private room,3,TRUE,9,96,5.3686645322792526
220.15518369636345,Private room,2,FALSE,10,100,1.4264035026059212
150.74319902776477,Private room,2,FALSE,8,86,2.972030101103826
170.37487145928765,Entire home/apt,2,TRUE,10,98,4.4775235670675455
144.90043937552585,Private room,2,TRUE,10,100,0.9735817589834872
365.2893334579789,Entire home/apt,4,FALSE,9,91,0.7695806965195834
162.1950079461531,Private room,2,FALSE,10,96,2.8014073663704795
109.14275030382348,Private room,3,FALSE,9,96,6.084781033766375
104.46854258203234,Private room,2,FALSE,10,98,4.482489591137907
122.9316630831074,Private room,2,FALSE,10,88,2.746209835454847
132.04636814060015,Private room,2,FALSE,9,94,6.2272985538983665
460.40946059642886,Entire home/apt,5,FALSE,9,94,1.4534556699928465
174.11423763672056,Private room,2,FALSE,10,99,1.937853662343662
194.68075161260165,Private room,2,FALSE,10,96,5.411752188562871
95.12012713845004,Private room,2,FALSE,10,100,4.504763787299238
191.40880620734785,Entire home/apt,3,FALSE,10,95,5.632917142286932
161.02645601570532,Entire home/apt,5,FALSE,10,96,15.84735954954509
160.0916144713471,Private room,2,FALSE,10,98,5.287139850981924
129.94297466579414,Private room,2,FALSE,8,90,5.093650830925321
278.1153594465738,Entire home/apt,2,FALSE,9,92,2.5770803269969877
278.1153594465738,Entire home/apt,2,FALSE,9,92,2.5483807120229285
289.8008787510517,Entire home/apt,3,FALSE,9,91,2.6211723949276293
289.8008787510517,Entire home/apt,3,FALSE,9,91,2.538107849825624
105.63709451248012,Private room,2,FALSE,7,87,4.319366223841849
240.0205665139759,Entire home/apt,2,FALSE,10,100,6.4319139639495475
165.70066373749648,Private room,4,FALSE,9,87,2.548465488065664
122.9316630831074,Private room,3,TRUE,10,97,14.78256732176425
347.99476488735155,Private room,6,FALSE,10,100,2.951469651547863
141.62849397027202,Private room,2,FALSE,9,87,6.0506933959865785
359.68028419182946,Entire home/apt,4,FALSE,9,83,5.270270848410415
121.76311115265962,Private room,2,FALSE,9,98,4.323804362347669
278.34906983266336,Entire home/apt,5,FALSE,9,84,5.057355361763214
132.28007852668972,Private room,2,TRUE,10,100,6.1643328182120305
180.8918388333177,Private room,4,TRUE,9,98,6.16850704290452
278.34906983266336,Entire home/apt,2,FALSE,10,70,1.125387773878132
322.2866224175002,Private room,2,FALSE,10,95,0.7648708915930157
324.6237262783958,Entire home/apt,2,FALSE,10,100,1.1253967911416325
487.0524446106385,Entire home/apt,2,FALSE,10,20,1.125387115366591
408.0583341123679,Entire home/apt,2,FALSE,10,97,2.0317259512632644
162.42871833224268,Private room,2,TRUE,10,99,5.022987897252894
122.9316630831074,Private room,3,TRUE,10,99,6.795600421961024
261.05450126203607,Entire home/apt,2,FALSE,10,95,3.3262934993255104
344.4891090960082,Entire home/apt,3,TRUE,9,93,3.1078401815770915
194.68075161260165,Private room,3,FALSE,10,100,6.827100334424045
148.4060951668692,Private room,2,TRUE,10,100,13.08354579866016
542.6755164999532,Private room,4,FALSE,10,100,1.824735636445606
296.8121903337384,Private room,2,FALSE,10,98,1.8247205044939243
271.3377582499766,Private room,2,FALSE,10,93,1.8247237549118376
257.5488454706927,Private room,2,FALSE,8,100,1.8454328630355337
92.5493128914649,Private room,2,FALSE,10,100,5.336547653438712
534.4956529868186,Entire home/apt,5,FALSE,10,97,1.5709655139546037
808.4042254837805,Entire home/apt,2,FALSE,10,100,1.2022955309209062
226.23165373469195,Entire home/apt,2,FALSE,9,94,5.150003854787071
528.8866037206693,Entire home/apt,6,FALSE,10,100,1.6808614637195227
475.60063569225014,Entire home/apt,4,FALSE,10,100,2.1689351334997555
626.1101243339253,Entire home/apt,2,FALSE,10,100,1.2539986141458617
521.8752921379826,Entire home/apt,2,FALSE,10,90,1.3652506948789835
139.29139010937644,Private room,2,TRUE,10,99,5.349182419671598
136.95428624848088,Shared room,3,FALSE,9,92,5.11193090713116
505.5155651117135,Entire home/apt,2,FALSE,10,100,2.0707706289891283
519.3044778909974,Entire home/apt,2,FALSE,10,80,2.0357574517556465
440.5440777788165,Entire home/apt,4,FALSE,4,60,1.3711219662938794
672.6184911657474,Entire home/apt,3,FALSE,10,100,2.029611281081365
202.86061512573616,Entire home/apt,2,FALSE,10,100,1.7490759661927482
111.24614377862952,Private room,2,FALSE,8,90,2.8024840165053315
153.08030288866036,Private room,2,FALSE,9,97,1.09724765510248
521.8752921379826,Entire home/apt,2,TRUE,10,100,0.44808832123520176
461.3443021407871,Entire home/apt,4,TRUE,10,100,1.1401912037380288
693.418715527718,Entire home/apt,6,TRUE,10,93,1.2288540536495836
2319.3418715527714,Private room,3,FALSE,9,97,4.87228658610846
134.6171823875853,Private room,2,TRUE,9,95,4.904771346516893
226.23165373469195,Entire home/apt,2,FALSE,10,98,5.196033447840696
252.640927362812,Private room,2,FALSE,10,60,5.364794302632536
394.269421333084,Entire home/apt,2,FALSE,10,100,1.9789541398024415
519.538188277087,Entire home/apt,2,FALSE,10,100,1.6426031725071093
115.92035150042068,Private room,2,FALSE,7,84,2.7055953334491822
254.04318967934933,Entire home/apt,4,TRUE,10,97,2.6861901649775195
327.19454052538094,Private room,2,TRUE,10,100,2.108787845074915
317.61241469570905,Private room,2,TRUE,10,100,2.2133368785368472
143.73188744507806,Entire home/apt,2,FALSE,10,94,5.256736067496361
294.7087968589324,Private room,2,TRUE,10,100,2.002504491140887
389.5952136112929,Private room,4,TRUE,10,100,2.030124198924409
131.11152659624193,Private room,2,FALSE,9,94,4.555007346459296
129.94297466579414,Private room,2,FALSE,9,100,5.026920256206846
179.4895765167804,Entire home/apt,2,FALSE,8,98,5.495367253321028
122.9316630831074,Private room,2,FALSE,9,90,5.281007407190934
156.58595868000373,Private room,2,TRUE,10,96,6.552577027349764
285.36038141535005,Entire home/apt,2,FALSE,9,93,2.0757857538451434
113.58324763952508,Private room,2,FALSE,8,89,2.8024901047896695
182.06039076376553,Private room,4,FALSE,9,100,3.872659204505477
174.11423763672056,Private room,2,FALSE,8,84,4.46535008713835
131.11152659624193,Private room,2,TRUE,10,100,12.976692716957508
187.90315041600448,Private room,4,FALSE,10,96,5.898311914465712
172.7119753201832,Private room,2,FALSE,10,100,0.5108432702686364
115.92035150042068,Private room,2,FALSE,9,88,4.34573711929522
243.52622230531924,Entire home/apt,2,TRUE,10,90,5.316516667681709
276.0119659717678,Entire home/apt,3,FALSE,10,80,4.951155567027671
318.78096662615684,Entire home/apt,4,FALSE,10,87,1.190385896078049
150.74319902776477,Private room,2,FALSE,10,100,3.077831320363748
173.880527250631,Private room,3,FALSE,10,80,4.156709268742164
278.34906983266336,Private room,3,FALSE,9,96,4.665714775070462
143.73188744507806,Entire home/apt,2,TRUE,10,97,6.124402023590782
75.02103393474805,Shared room,6,FALSE,7,87,4.579481559314279
110.31130223427128,Private room,2,TRUE,10,96,2.943839641726685
486.8187342245489,Entire home/apt,6,FALSE,10,98,1.5770784884531432
179.4895765167804,Private room,2,FALSE,10,100,5.390846903159516
150.74319902776477,Private room,2,FALSE,10,100,3.986034439449998
295.6436384032906,Entire home/apt,2,FALSE,10,90,15.422942430599656
95.12012713845004,Private room,2,FALSE,10,100,6.274502210158327
431.4293727213237,Entire home/apt,6,FALSE,10,96,1.9854900859859377
144.90043937552585,Private room,2,FALSE,9,96,6.144428380056667
331.40132747499297,Entire home/apt,2,FALSE,10,100,5.549618384402576
336.3092455828737,Entire home/apt,3,FALSE,9,88,3.7877248728711006
355.9409180143965,Entire home/apt,4,FALSE,10,90,2.903827234622654
116.15406188651022,Private room,2,FALSE,10,100,6.1556085523855675
148.4060951668692,Private room,3,FALSE,10,100,5.168151033686436
663.5037861082546,Entire home/apt,5,TRUE,10,94,1.4023321415054786
370.8983827241282,Entire home/apt,4,FALSE,8,83,4.772071585402518
2317.004767691876,Entire home/apt,4,FALSE,10,80,4.014127696569158
139.29139010937644,Private room,2,FALSE,10,100,5.642060753090066
347.99476488735155,Entire home/apt,3,FALSE,10,100,1.344397094471011
109.14275030382348,Private room,2,FALSE,9,98,5.199662192118331
79.92895204262877,Shared room,6,FALSE,8,60,4.569432662754846
84.60315976441993,Private room,2,FALSE,10,100,15.96026829389208
463.91511638777223,Entire home/apt,4,FALSE,10,96,6.07032768313449
155.41740674955594,Private room,2,FALSE,10,100,1.8416718321619048
484.7153407497429,Entire home/apt,6,FALSE,10,94,5.366635454820898
341.9182948490231,Entire home/apt,6,FALSE,10,94,1.193162590350728
341.9182948490231,Entire home/apt,6,FALSE,9,93,1.1931466023606654
532.3922595120126,Entire home/apt,6,FALSE,9,85,5.51412903843702
501.0750677760119,Entire home/apt,2,FALSE,10,93,1.3092693924238012
399.87847059923337,Entire home/apt,4,FALSE,10,96,0.41599384798611255
301.7201084416191,Private room,2,FALSE,9,100,5.759032830510754
179.72328690286994,Entire home/apt,2,FALSE,9,77,1.1931322816470735
119.42600729176404,Private room,2,FALSE,8,91,6.22324925126772
139.29139010937644,Private room,2,FALSE,7,80,4.654970846110161
198.18640740394503,Private room,3,FALSE,9,100,0.8183724710583168
428.85855847433857,Private room,2,FALSE,10,100,1.7050464278888766
370.8983827241282,Entire home/apt,3,FALSE,10,100,1.849568544972276
81.33121435916611,Private room,2,FALSE,9,92,6.877405441243701
226.23165373469195,Entire home/apt,2,FALSE,9,92,0.5368110215319837
449.89249322239874,Entire home/apt,4,FALSE,10,100,2.9413443129986843
579.8354678881929,Entire home/apt,6,FALSE,10,100,4.793834076212846
324.6237262783958,Entire home/apt,3,FALSE,10,100,0.7561313650400682
115.92035150042068,Private room,2,FALSE,10,93,6.668632257069226
122.9316630831074,Private room,2,FALSE,10,100,5.960557310380369
109.14275030382348,Private room,2,FALSE,10,100,4.786832194809173
344.4891090960082,Entire home/apt,4,FALSE,10,100,6.032266163199502
122.9316630831074,Private room,3,FALSE,10,100,4.137663870190271
211.97532018322892,Private room,3,FALSE,9,100,5.2580630501369585
319.248387398336,Entire home/apt,2,FALSE,8,90,0.925456837803405
163.59727026269047,Private room,3,FALSE,9,87,6.057451261032287
115.92035150042068,Private room,2,FALSE,9,100,6.104924245213917
133.21492007104794,Private room,3,FALSE,10,93,6.505287495082963
106.80564644292792,Private room,2,FALSE,10,100,5.650658640079161
498.5042535290268,Entire home/apt,4,FALSE,10,100,5.076159197074856
780.3589791530335,Entire home/apt,2,TRUE,10,100,2.0952095346786637
260.8207908759465,Entire home/apt,3,FALSE,10,100,2.844176903752833
150.74319902776477,Private room,2,FALSE,8,80,0.4099575964098652
185.5660465551089,Private room,2,FALSE,10,100,0.6870509345138249
162.42871833224268,Private room,2,FALSE,10,100,4.092127647393317
245.8633261662148,Entire home/apt,4,FALSE,10,100,4.326817002809539
266.66355052818545,Private room,4,FALSE,10,100,1.875275937010877
231.84070300084133,Entire home/apt,4,FALSE,9,88,5.715965469397297
134.6171823875853,Private room,2,FALSE,10,91,6.455196208979816
150.74319902776477,Private room,2,FALSE,9,94,5.396903076306844
163.59727026269047,Private room,2,FALSE,9,93,2.6119156834071595
438.4406843040104,Entire home/apt,5,FALSE,10,94,2.03358823260881
504.5807235673553,Entire home/apt,2,FALSE,10,97,1.6193237522582802
388.6603720669346,Private room,2,FALSE,9,100,1.837299706681668
154.01514443301858,Private room,2,FALSE,10,96,5.125307687918342
172.7119753201832,Private room,2,TRUE,10,96,4.830246024592286
240.2542769000654,Entire home/apt,2,FALSE,10,90,4.842977961370466
220.388894082453,Entire home/apt,3,FALSE,9,97,6.000892629806102
185.5660465551089,Private room,2,TRUE,10,97,2.2994011776031757
127.60587080489856,Private room,2,FALSE,9,87,0.6167455047937811
146.30270169206318,Private room,2,FALSE,9,93,5.129915818763061
191.40880620734785,Private room,4,FALSE,9,93,1.1646045572814907
144.90043937552585,Private room,2,TRUE,10,99,1.8884315480798677
357.1094699448443,Entire home/apt,2,TRUE,10,96,0.6802051731300023
236.5149107226325,Entire home/apt,2,FALSE,8,86,2.7334747987972667
314.1067589043657,Entire home/apt,4,FALSE,9,98,1.5871752038592322
527.7180517902215,Entire home/apt,6,TRUE,10,98,1.109908686382154
136.95428624848088,Private room,2,TRUE,10,99,1.6679407328971514
109.14275030382348,Private room,2,FALSE,10,96,5.284607135219576
730.5786669159577,Entire home/apt,6,FALSE,9,93,3.703825913945456
185.5660465551089,Private room,2,FALSE,10,96,6.320396959914923
252.8746377489015,Entire home/apt,3,TRUE,10,95,4.778619469744946
292.3716929980368,Entire home/apt,2,FALSE,8,89,1.2844535207143533
180.8918388333177,Private room,3,FALSE,9,92,5.2043387773909515
169.4400299149294,Private room,4,FALSE,9,84,5.204345934623265
240.9554080583341,Private room,5,FALSE,7,75,5.204343205645668
186.50088809946712,Entire home/apt,2,TRUE,10,98,16.429284633811694
108.90903991773392,Private room,3,FALSE,8,94,14.81886079210348
173.880527250631,Private room,5,FALSE,8,91,6.055511695970234
178.55473497242215,Private room,4,FALSE,9,94,5.930735148928773
339.814901374217,Entire home/apt,3,TRUE,10,97,2.211950130069644
317.61241469570905,Entire home/apt,3,TRUE,10,98,2.9407917990809165
240.72169767224457,Private room,2,TRUE,10,98,2.0052014170667753
171.54342338973544,Entire home/apt,4,FALSE,8,83,5.598042735316191
128.54071234925678,Private room,2,TRUE,9,97,6.082618360659442
394.269421333084,Entire home/apt,5,FALSE,10,99,3.114798597996899
475.36692530616057,Entire home/apt,4,FALSE,10,100,4.282882326606768
201.69206319528837,Private room,3,TRUE,10,94,1.4692747681997471
168.2714779844816,Private room,2,FALSE,10,94,6.021621844742678
202.39319435355705,Private room,2,TRUE,10,99,5.215590277420638
221.79115639899035,Private room,2,TRUE,10,99,5.276771913636186
221.79115639899035,Private room,2,TRUE,10,99,5.27682007926753
209.63821632233336,Private room,2,TRUE,10,99,5.27679821092708
127.60587080489856,Private room,2,FALSE,10,94,6.083383055603772
128.54071234925678,Private room,2,TRUE,9,93,5.617708235569477
1507.431990277648,Entire home/apt,2,FALSE,10,97,4.066339536250743
119.42600729176404,Private room,2,TRUE,9,98,6.103372053327676
144.90043937552585,Private room,3,FALSE,10,100,4.56704121019939
136.95428624848088,Private room,3,TRUE,10,97,5.7886004475732955
278.34906983266336,Private room,2,TRUE,10,96,6.130238880304271
102.13143872113676,Private room,2,FALSE,9,92,14.89231102360132
5857.483406562587,Entire home/apt,6,TRUE,10,100,1.19236920090343
155.41740674955594,Private room,2,FALSE,10,98,3.111744338054784
487.0524446106385,Entire home/apt,4,FALSE,9,93,3.092258989364295
194.68075161260165,Entire home/apt,2,FALSE,9,89,1.8279553851957224
162.42871833224268,Private room,2,FALSE,10,97,3.141908152131744
208.46966439188552,Private room,2,TRUE,10,97,2.836559110386807
128.54071234925678,Private room,2,FALSE,10,94,3.633049398014225
329.29793400018696,Entire home/apt,4,TRUE,9,96,2.713779298920324
264.793867439469,Entire home/apt,5,FALSE,10,93,1.777762040222412
208.235954005796,Entire home/apt,3,FALSE,9,92,1.7538453832092786
264.793867439469,Entire home/apt,5,FALSE,9,90,1.65042196385809
239.3194353557072,Entire home/apt,4,FALSE,9,90,1.647530892054798
253.80947929325976,Entire home/apt,4,FALSE,9,94,1.6223554709575618
102.13143872113676,Private room,2,FALSE,10,97,10.831130451450512
148.4060951668692,Private room,2,FALSE,10,96,12.8117884537718
136.7205758623913,Private room,2,FALSE,9,92,2.334539366685047
235.58006917827427,Entire home/apt,3,FALSE,9,98,7.309892429788562
118.25745536131625,Private room,2,FALSE,10,100,8.68369199752839
185.79975694119844,Private room,2,FALSE,10,98,2.5648958097869707
115.92035150042068,Private room,2,FALSE,10,96,1.7046363859279023
111.24614377862952,Private room,2,FALSE,10,95,4.47660343722278
235.58006917827427,Entire home/apt,2,TRUE,10,98,3.208444136826985
288.6323268206039,Entire home/apt,5,FALSE,10,92,12.675608983068685
206.5999813031691,Entire home/apt,4,FALSE,10,90,12.481975608894926
182.99523230812375,Entire home/apt,5,TRUE,10,95,8.919019949991348
153.08030288866036,Private room,3,TRUE,10,97,11.39680259007281
153.08030288866036,Private room,2,TRUE,9,96,11.345755765727816
389.5952136112929,Private room,2,FALSE,9,100,1.8100717163834408
191.40880620734785,Private room,2,FALSE,10,96,2.956596503231875
191.40880620734785,Private room,4,FALSE,9,89,7.088637731976011
171.77713377582498,Private room,2,TRUE,10,99,6.794865352959669
113.81695802561464,Private room,3,FALSE,9,90,12.179741387122034
162.42871833224268,Private room,2,TRUE,10,100,3.396032984512768
157.52080022436195,Entire home/apt,6,FALSE,10,94,12.635033889346191
144.90043937552585,Entire home/apt,3,FALSE,8,87,7.078883035862166
185.79975694119844,Private room,3,FALSE,9,83,1.5223473505573095
231.84070300084133,Entire home/apt,4,FALSE,10,90,3.4497172902145454
254.97803122370755,Entire home/apt,2,TRUE,10,100,3.1433308481832944
185.5660465551089,Private room,2,FALSE,9,93,3.0907715855189752
197.2515658595868,Private room,2,FALSE,10,94,3.0907938199496363
185.5660465551089,Private room,2,FALSE,9,80,3.0907850956712255
231.84070300084133,Private room,3,FALSE,9,87,3.0908020677445385
102.13143872113676,Private room,2,FALSE,9,94,3.22967880012578
92.78302327755443,Private room,2,FALSE,6,80,5.530080388663042
236.5149107226325,Entire home/apt,2,FALSE,10,96,2.0134183744933147
122.9316630831074,Private room,2,FALSE,9,96,3.00449229788947
360.6151257361877,Entire home/apt,2,FALSE,10,98,1.699932389566206
119.42600729176404,Private room,4,FALSE,7,87,3.342363715902603
296.8121903337384,Private room,3,FALSE,10,100,11.718837394728244
316.6775731513508,Entire home/apt,2,FALSE,10,100,2.678472186121657
162.42871833224268,Private room,2,TRUE,10,98,2.424477652052378
197.2515658595868,Entire home/apt,5,FALSE,9,80,12.545144360773648
133.21492007104794,Private room,2,FALSE,10,100,3.2403621530771733
229.73730952603532,Entire home/apt,3,TRUE,9,100,3.0486699616904076
193.51219968215383,Entire home/apt,2,FALSE,10,100,2.170968884582725
122.9316630831074,Private room,2,FALSE,10,98,2.265498174981032
115.92035150042068,Private room,2,TRUE,10,96,15.497699185461752
134.6171823875853,Private room,2,TRUE,10,99,3.069518552356811
179.72328690286994,Entire home/apt,2,FALSE,10,100,2.2548658081195048
115.92035150042068,Private room,2,FALSE,10,100,9.960604255715582
122.9316630831074,Entire home/apt,3,FALSE,10,96,7.572722945910442
151.91175095821256,Private room,2,FALSE,10,97,2.787943875582553
144.90043937552585,Private room,2,FALSE,9,96,1.6304950934953326
280.4524633074694,Private room,5,TRUE,10,100,11.82616468404907
208.7033747779751,Entire home/apt,3,FALSE,10,100,10.802621877468878
270.1692063195288,Entire home/apt,3,TRUE,9,92,2.786864982920096
197.2515658595868,Private room,2,FALSE,8,82,2.8295477385479586
129.94297466579414,Private room,2,FALSE,9,90,3.167398438161702
171.77713377582498,Private room,2,FALSE,10,93,6.81546846991841
201.69206319528837,Private room,2,FALSE,10,100,3.245288572081863
229.73730952603532,Entire home/apt,2,FALSE,9,97,1.723885992043356
146.30270169206318,Entire home/apt,2,FALSE,10,100,4.935375372422396
331.63503786108254,Entire home/apt,6,FALSE,10,94,6.372710936588449
146.30270169206318,Private room,2,TRUE,10,95,3.219788893505329
346.5925025708142,Entire home/apt,5,FALSE,10,97,2.750500726767757
115.92035150042068,Private room,2,FALSE,10,99,8.986343059960602
139.29139010937644,Private room,2,TRUE,10,96,2.946501009957595
463.91511638777223,Entire home/apt,4,TRUE,10,97,3.536286012503036
168.2714779844816,Private room,2,FALSE,10,94,2.4410671505108112
115.92035150042068,Private room,2,FALSE,10,95,6.262206719895474
110.31130223427128,Private room,3,TRUE,10,99,9.24931587720764
171.77713377582498,Private room,2,FALSE,9,93,2.257167340378783
171.77713377582498,Private room,3,FALSE,10,98,11.309425576769636
171.77713377582498,Private room,2,FALSE,10,94,11.373503235777363
127.60587080489856,Private room,2,FALSE,10,98,7.355261588923171
587.7816210152379,Entire home/apt,5,FALSE,8,84,10.434765495887223
115.92035150042068,Private room,2,FALSE,9,94,8.879171704700926
92.78302327755443,Private room,2,FALSE,9,87,12.606871601497446
90.44591941665888,Private room,2,FALSE,7,60,11.470475941727294
254.97803122370755,Entire home/apt,2,FALSE,10,100,4.156416546112699
333.9721417219781,Entire home/apt,5,FALSE,7,80,3.198801362324694
173.880527250631,Private room,4,FALSE,9,94,6.141250902661894
220.388894082453,Entire home/apt,2,FALSE,10,95,10.841007955532492
218.05179022155744,Entire home/apt,4,TRUE,10,98,10.316698807050455
197.2515658595868,Private room,2,TRUE,10,98,4.7071936066814635
746.9383939422268,Entire home/apt,5,FALSE,10,100,13.660181350640586
178.55473497242215,Private room,2,TRUE,10,95,15.359640284872771
161.02645601570532,Entire home/apt,2,FALSE,10,98,18.674430074459497
104.46854258203234,Private room,2,FALSE,10,93,14.886795905318651
109.14275030382348,Private room,2,TRUE,9,97,12.404927727756704
99.56062447415162,Private room,2,FALSE,10,100,14.967912398308894
86.9402636253155,Private room,2,FALSE,10,97,15.894632225771684
155.18369636346637,Private room,2,TRUE,10,97,15.52490627533146
118.02374497522668,Private room,2,TRUE,10,97,15.300909204250564
173.880527250631,Private room,2,FALSE,9,90,14.244114804793368
286.52893334579784,Entire home/apt,3,FALSE,10,95,17.65370764317784
81.33121435916611,Private room,2,FALSE,10,100,15.093946943704164
192.34364775170607,Private room,4,TRUE,10,99,16.139576884685745
394.269421333084,Entire home/apt,6,FALSE,9,90,12.0622428257772
237.68346265308028,Entire home/apt,2,FALSE,7,90,12.165550952284104
162.42871833224268,Private room,3,FALSE,10,90,12.043498243815424
351.5004206786949,Entire home/apt,2,FALSE,9,94,21.295173919384737
90.44591941665888,Private room,2,TRUE,10,98,19.67829762258295
135.55202393194352,Entire home/apt,3,FALSE,9,91,18.342926077591343
136.95428624848088,Private room,2,TRUE,10,99,7.843069112365914
254.97803122370755,Entire home/apt,2,TRUE,10,100,9.532841123981472
133.21492007104794,Private room,2,FALSE,10,98,10.424837749496346
160.0916144713471,Entire home/apt,3,TRUE,10,100,20.49567802813671
156.58595868000373,Private room,3,TRUE,10,98,9.90483647063984
120.59455922221184,Private room,2,TRUE,10,99,8.020559918008793
157.75451061045152,Private room,2,TRUE,10,98,19.5109440288062
185.5660465551089,Private room,4,TRUE,10,97,20.206358142843005
139.29139010937644,Private room,2,TRUE,10,96,12.84523297482929
133.21492007104794,Private room,2,FALSE,10,100,9.37096674374768
69.64569505468822,Private room,2,TRUE,9,96,19.788695620859276
231.84070300084133,Entire home/apt,2,TRUE,10,100,11.494497137453845
201.69206319528837,Entire home/apt,3,FALSE,10,92,20.895102068737387
173.880527250631,Private room,2,FALSE,9,92,12.170109930319107
301.48639805552955,Private room,2,FALSE,9,83,11.113940938808144
125.26876694400298,Private room,2,FALSE,10,95,11.444110294038593
108.90903991773392,Private room,2,FALSE,8,90,16.765788736616425
99.56062447415162,Private room,2,FALSE,10,93,13.963109524296735
140.2262316537347,Private room,3,FALSE,10,94,10.359261147303858
113.81695802561464,Private room,2,FALSE,9,100,13.811664522771164
170.37487145928765,Private room,2,FALSE,10,100,10.18970464218745
115.92035150042068,Private room,2,TRUE,10,99,11.56000280584336
127.60587080489856,Private room,2,FALSE,10,100,17.56484456146484
147.2375432364214,Entire home/apt,3,FALSE,9,80,13.499089353038352
333.9721417219781,Entire home/apt,4,FALSE,10,100,12.219330749789394
101.8977283350472,Private room,2,TRUE,10,98,20.10741536109176
131.11152659624193,Private room,2,FALSE,10,99,8.021522558822141
237.68346265308028,Private room,2,TRUE,10,98,8.174775408437746
180.8918388333177,Entire home/apt,4,FALSE,8,91,17.120645777641087
144.90043937552585,Entire home/apt,2,FALSE,10,94,18.5118215889922
214.54613443021407,Private room,2,FALSE,10,97,3.9113415817332937
106.80564644292792,Private room,2,TRUE,10,98,14.073159763400255
197.2515658595868,Private room,2,FALSE,10,100,3.663466452205511
206.36627091707953,Private room,2,FALSE,10,97,5.806855473467066
197.2515658595868,Private room,2,FALSE,10,94,5.872291255008107
127.60587080489856,Shared room,2,FALSE,10,96,14.089801913602892
231.84070300084133,Shared room,2,FALSE,9,98,4.25155685519161
88.34252594185284,Private room,2,FALSE,9,89,16.182587454453326
115.92035150042068,Private room,2,FALSE,10,97,14.843612757365412
135.55202393194352,Private room,2,FALSE,10,100,6.463400951710136
227.16649527905017,Private room,2,FALSE,10,96,6.355221770705056
133.21492007104794,Private room,2,TRUE,10,100,18.559632736838708
171.77713377582498,Private room,2,FALSE,9,97,9.200125766829546
119.42600729176404,Private room,2,TRUE,10,97,13.553199967769972
243.52622230531924,Private room,2,FALSE,9,91,6.810856006868482
139.29139010937644,Private room,4,FALSE,7,87,7.36630114145301
111.24614377862952,Private room,4,FALSE,10,94,6.665757031629266
150.74319902776477,Private room,3,TRUE,9,97,7.553915684145188
307.09544732167893,Private room,3,TRUE,10,99,5.38074343844193
139.29139010937644,Entire home/apt,2,TRUE,10,96,8.903745075232425
111.24614377862952,Private room,2,FALSE,10,94,6.63647129461774
162.42871833224268,Entire home/apt,3,FALSE,9,93,9.627597247925893
220.388894082453,Entire home/apt,2,FALSE,9,94,6.068857133813553
104.23483219594276,Private room,2,FALSE,9,89,5.517964549603122
423.2495092081892,Entire home/apt,3,FALSE,10,100,8.844466485623936
127.60587080489856,Private room,2,FALSE,9,95,8.758518788747189
126.43731887445075,Private room,4,FALSE,9,90,8.31331770017377
93.95157520800224,Private room,2,FALSE,10,100,8.05932796832182
150.74319902776477,Private room,4,FALSE,10,90,15.629282073924625
178.55473497242215,Private room,2,FALSE,10,100,18.13255486019816
231.84070300084133,Entire home/apt,3,FALSE,10,90,5.722290699339602
132.04636814060015,Private room,2,FALSE,10,100,16.491309829807353
359.68028419182946,Entire home/apt,2,FALSE,10,100,5.888642423617551
168.2714779844816,Private room,2,FALSE,10,87,5.820999595604482
125.03505655791342,Private room,2,FALSE,10,97,6.222219777517577
382.8176124146957,Entire home/apt,2,FALSE,10,100,9.937697532116086
96.2886790688978,Private room,2,FALSE,10,100,8.596460252869266
110.07759184818173,Private room,2,FALSE,10,100,7.446539636383443
254.97803122370755,Entire home/apt,2,FALSE,10,100,15.227473584715254
141.39478358418248,Private room,2,TRUE,10,97,16.32469725056541
417.6404599420398,Shared room,4,FALSE,8,100,5.487646494012619
117.08890343086846,Private room,2,TRUE,10,98,13.52988282259332
158.9230625408993,Private room,2,FALSE,9,93,3.769410832395723
295.6436384032906,Private room,4,FALSE,9,92,8.344095678950378
150.74319902776477,Private room,3,TRUE,9,95,6.672671225362572
274.84341404132,Entire home/apt,6,TRUE,10,97,6.42425384751509
212.2090305693185,Entire home/apt,2,FALSE,9,92,5.8742770139302
231.84070300084133,Private room,2,FALSE,10,97,5.8781187782961775
127.60587080489856,Private room,2,FALSE,9,94,5.832918532402062
185.5660465551089,Private room,2,TRUE,10,99,5.644559877737239
232.0744133869309,Private room,2,FALSE,10,96,3.482221416674956
175.04907918107878,Entire home/apt,2,FALSE,10,100,11.002848281008855
158.68935215480974,Entire home/apt,2,FALSE,9,91,11.313155515737984
134.6171823875853,Private room,4,FALSE,10,93,15.166191071723846
155.41740674955594,Entire home/apt,3,FALSE,9,86,22.61745145125439
